{
	"Name": "ItemLootTreeNodes",
	"Rarity": "Uncommon",
	"Children": [
		{
			"Name": "GasShop",
			"Rarity": "Uncommon",
			"Children": [
				{
					"Name": "Crafting",
					"Rarity": "Rare",
					"Children": [
						{
							"Name": "Bolts",
							"Rarity": "Uncommon"
						},
						{
							"Name": "Fabric",
							"Rarity": "Uncommon",
							"Children": [
								{
									"Name": "EmptyBag",
									"Rarity": "Rare"
								},
								{
									"Name": "Rag_Stripes",
									"Rarity": "Uncommon"
								},
								{
									"Name": "Rags",
									"Rarity": "Rare"
								}
							]
						},
						{
							"Name": "Fluids",
							"Rarity": "VeryRare",
							"Children": [
								{
									"Name": "Break_Oil",
									"Rarity": "Rare"
								}
							]
						},
						{
							"Name": "Nails",
							"Rarity": "Uncommon"
						},
						{
							"Name": "Scrap",
							"Rarity": "Uncommon",
							"Children": [
								{
									"Name": "Metal_Scrap_01",
									"Rarity": "Common"
								}
							]
						}
					]
				},
				{
					"Name": "Other",
					"Rarity": "Rare",
					"Children": [
						{
							"Name": "ammo",
							"Rarity": "Rare",
							"Children": [
								{
									"Name": "12Gauge",
									"Rarity": "Common",
									"Children": [
										{
											"Name": "BigStash",
											"Rarity": "Rare",
											"PostSpawnActions": [
												"SetAmmoAmount_BigStash"
											],
											"Children": [
												{
													"Name": "12_Gauge_Birdshot",
													"Rarity": "ExtremelyRare"
												},
												{
													"Name": "12_Gauge_Buckshot",
													"Rarity": "Rare"
												},
												{
													"Name": "12_Gauge_Slug",
													"Rarity": "VeryRare"
												}
											]
										},
										{
											"Name": "Boxed",
											"Rarity": "VeryRare",
											"Children": [
												{
													"Name": "12_Gauge_Birdshot_Ammobox",
													"Rarity": "ExtremelyRare"
												},
												{
													"Name": "12_Gauge_Buckshot_Ammobox",
													"Rarity": "Rare"
												},
												{
													"Name": "12_Gauge_Slug_Ammobox",
													"Rarity": "VeryRare"
												}
											]
										},
										{
											"Name": "SmallStash",
											"Rarity": "Common",
											"PostSpawnActions": [
												"SetAmmoAmount_SmallStash"
											],
											"Children": [
												{
													"Name": "12_Gauge_Birdshot",
													"Rarity": "ExtremelyRare"
												},
												{
													"Name": "12_Gauge_Buckshot",
													"Rarity": "Rare"
												},
												{
													"Name": "12_Gauge_Slug",
													"Rarity": "VeryRare"
												}
											]
										}
									]
								},
								{
									"Name": "Regular",
									"Rarity": "Common",
									"Children": [
										{
											"Name": "BigStash",
											"Rarity": "Uncommon",
											"PostSpawnActions": [
												"SetAmmoAmount_BigStash"
											],
											"Children": [
												{
													"Name": "Cal_22",
													"Rarity": "Common"
												},
												{
													"Name": "Cal_38",
													"Rarity": "Uncommon"
												},
												{
													"Name": "Cal_45",
													"Rarity": "Uncommon"
												},
												{
													"Name": "Cal_30-06",
													"Rarity": "Rare"
												},
												{
													"Name": "Cal_357_Viper",
													"Rarity": "Uncommon"
												},
												{
													"Name": "Cal_44_Viper",
													"Rarity": "Uncommon"
												},
												{
													"Name": "Cal_50_AE",
													"Rarity": "Common"
												},
												{
													"Name": "Cal_5_45x39mm",
													"Rarity": "Uncommon"
												},
												{
													"Name": "Cal_5_56x45mm",
													"Rarity": "Rare"
												},
												{
													"Name": "Cal_7_62x39mm",
													"Rarity": "Rare"
												},
												{
													"Name": "Cal_7_62x54mmR",
													"Rarity": "VeryRare"
												},
												{
													"Name": "Cal_7_92x57mm",
													"Rarity": "VeryRare"
												},
												{
													"Name": "Cal_9mm",
													"Rarity": "Common"
												},
												{
													"Name": "Cal_9x39mm",
													"Rarity": "Uncommon"
												},
												{
													"Name": "FlareCartridge",
													"Rarity": "Rare"
												}
											]
										},
										{
											"Name": "Boxed",
											"Rarity": "Rare",
											"Children": [
												{
													"Name": "Cal_22_Ammobox",
													"Rarity": "Common"
												},
												{
													"Name": "Cal_30-06_Ammobox",
													"Rarity": "Rare"
												},
												{
													"Name": "Cal_357_Ammobox",
													"Rarity": "Uncommon"
												},
												{
													"Name": "Cal_38_Ammobox",
													"Rarity": "Uncommon"
												},
												{
													"Name": "Cal_44_Viper_Ammobox",
													"Rarity": "Uncommon"
												},
												{
													"Name": "Cal_45_Ammobox",
													"Rarity": "Common"
												},
												{
													"Name": "Cal_50_AE_Ammobox",
													"Rarity": "Uncommon"
												},
												{
													"Name": "Cal_5_45x39mm_Ammobox",
													"Rarity": "Uncommon"
												},
												{
													"Name": "Cal_5_56x45mm_Ammobox",
													"Rarity": "Rare"
												},
												{
													"Name": "Cal_7_62x39mm_Ammobox",
													"Rarity": "Rare"
												},
												{
													"Name": "Cal_7_62x54mmR_Ammobox",
													"Rarity": "VeryRare"
												},
												{
													"Name": "Cal_7_92x57mm_Ammobox",
													"Rarity": "VeryRare"
												},
												{
													"Name": "Cal_9mm_Ammobox",
													"Rarity": "Common"
												},
												{
													"Name": "Cal_9x39mm_Ammobox",
													"Rarity": "Uncommon"
												}
											]
										},
										{
											"Name": "SmallStash",
											"Rarity": "Common",
											"PostSpawnActions": [
												"SetAmmoAmount_SmallStash"
											],
											"Children": [
												{
													"Name": "Cal_22",
													"Rarity": "Common"
												},
												{
													"Name": "Cal_38",
													"Rarity": "Uncommon"
												},
												{
													"Name": "Cal_45",
													"Rarity": "Uncommon"
												},
												{
													"Name": "Cal_30-06",
													"Rarity": "Rare"
												},
												{
													"Name": "Cal_357_Viper",
													"Rarity": "Uncommon"
												},
												{
													"Name": "Cal_44_Viper",
													"Rarity": "Uncommon"
												},
												{
													"Name": "Cal_50_AE",
													"Rarity": "Common"
												},
												{
													"Name": "Cal_5_45x39mm",
													"Rarity": "Uncommon"
												},
												{
													"Name": "Cal_5_56x45mm",
													"Rarity": "Rare"
												},
												{
													"Name": "Cal_7_62x39mm",
													"Rarity": "Rare"
												},
												{
													"Name": "Cal_7_62x54mmR",
													"Rarity": "VeryRare"
												},
												{
													"Name": "Cal_7_92x57mm",
													"Rarity": "VeryRare"
												},
												{
													"Name": "Cal_9mm",
													"Rarity": "Common"
												},
												{
													"Name": "Cal_9x39mm",
													"Rarity": "Uncommon"
												},
												{
													"Name": "FlareCartridge",
													"Rarity": "Rare"
												}
											]
										}
									]
								}
							]
						},
						{
							"Name": "Backpacks",
							"Rarity": "VeryRare",
							"Children": [
								{
									"Name": "Belt_Pistol_Holster",
									"Rarity": "Rare"
								},
								{
									"Name": "Hiking",
									"Rarity": "VeryRare",
									"Children": [
										{
											"Name": "Hiking_Backpack_01_01",
											"Rarity": "Rare"
										}
									]
								},
								{
									"Name": "Knife_Sheath",
									"Rarity": "Rare"
								},
								{
									"Name": "Military_Quiver_01",
									"Rarity": "ExtremelyRare"
								},
								{
									"Name": "Plain",
									"Rarity": "Rare",
									"Children": [
										{
											"Name": "Backpack_02_01",
											"Rarity": "Uncommon"
										},
										{
											"Name": "TC_Backpack",
											"Rarity": "Rare"
										}
									]
								},
								{
									"Name": "WaistBags",
									"Rarity": "Rare",
									"Children": [
										{
											"Name": "Waist_Bag_Small_01",
											"Rarity": "Rare"
										}
									]
								}
							]
						},
						{
							"Name": "Flares",
							"Rarity": "Rare",
							"Children": [
								{
									"Name": "FlareItem",
									"Rarity": "Rare"
								}
							]
						},
						{
							"Name": "FoodAndDrink",
							"Rarity": "Rare",
							"Children": [
								{
									"Name": "Cans",
									"Rarity": "Rare",
									"Children": [
										{
											"Name": "BakedBeans",
											"Rarity": "Rare"
										},
										{
											"Name": "BeefRavioli",
											"Rarity": "Rare"
										},
										{
											"Name": "BeefStew",
											"Rarity": "Rare"
										},
										{
											"Name": "BlackOlives",
											"Rarity": "Rare"
										},
										{
											"Name": "CannedGoulash",
											"Rarity": "VeryRare"
										},
										{
											"Name": "CannedSardine",
											"Rarity": "Uncommon"
										},
										{
											"Name": "CannedSpaghetti",
											"Rarity": "Rare"
										},
										{
											"Name": "Chow_Mein",
											"Rarity": "Rare"
										},
										{
											"Name": "MRE_Cheeseburger",
											"Rarity": "Rare"
										},
										{
											"Name": "Spon",
											"Rarity": "Rare"
										}
									]
								},
								{
									"Name": "Drink",
									"Rarity": "Rare",
									"Children": [
										{
											"Name": "Absinthe",
											"Rarity": "ExtremelyRare"
										},
										{
											"Name": "Can01",
											"Rarity": "Rare"
										},
										{
											"Name": "Cream",
											"Rarity": "VeryRare"
										},
										{
											"Name": "Energy_Drink_Red_Ghoul",
											"Rarity": "Rare"
										},
										{
											"Name": "GlassBottle01",
											"Rarity": "Rare"
										},
										{
											"Name": "Hip_Flask",
											"Rarity": "VeryRare"
										},
										{
											"Name": "Isopropyl_alcohol",
											"Rarity": "ExtremelyRare"
										},
										{
											"Name": "Kicmovaca",
											"Rarity": "Rare"
										},
										{
											"Name": "Milk",
											"Rarity": "VeryRare"
										},
										{
											"Name": "PETBottle01",
											"Rarity": "VeryRare"
										},
										{
											"Name": "Scum_Sunrise",
											"Rarity": "VeryRare"
										},
										{
											"Name": "Tequila",
											"Rarity": "Rare"
										},
										{
											"Name": "Vodka",
											"Rarity": "Rare"
										},
										{
											"Name": "Water_05l",
											"Rarity": "Uncommon"
										},
										{
											"Name": "Whiskey",
											"Rarity": "Rare"
										}
									]
								},
								{
									"Name": "Snacks",
									"Rarity": "Uncommon",
									"Children": [
										{
											"Name": "Candy",
											"Rarity": "Rare",
											"Children": [
												{
													"Name": "Candy_Bob",
													"Rarity": "ExtremelyRare"
												}
											]
										},
										{
											"Name": "Cereal",
											"Rarity": "Rare",
											"Children": [
												{
													"Name": "Cereal_BunnyStars",
													"Rarity": "Rare"
												},
												{
													"Name": "Corn_flakes",
													"Rarity": "Rare"
												},
												{
													"Name": "Instant_OatMeal",
													"Rarity": "Rare"
												}
											]
										},
										{
											"Name": "Chips",
											"Rarity": "Rare",
											"Children": [
												{
													"Name": "Chips",
													"Rarity": "Rare"
												},
												{
													"Name": "MeatSnack_01",
													"Rarity": "Rare"
												}
											]
										},
										{
											"Name": "Chocolate",
											"Rarity": "Rare",
											"Children": [
												{
													"Name": "ChocolateCandy_01",
													"Rarity": "Uncommon"
												},
												{
													"Name": "ChocolateCandy_08",
													"Rarity": "Rare"
												}
											]
										},
										{
											"Name": "NutsAndBerries",
											"Rarity": "Rare",
											"Children": [
												{
													"Name": "Barberry",
													"Rarity": "VeryRare"
												},
												{
													"Name": "Blackberry",
													"Rarity": "VeryRare"
												},
												{
													"Name": "Blueberries",
													"Rarity": "VeryRare"
												},
												{
													"Name": "Currant",
													"Rarity": "Rare"
												},
												{
													"Name": "Grapes_Raw",
													"Rarity": "VeryRare"
												},
												{
													"Name": "Hazelnuts",
													"Rarity": "Rare"
												},
												{
													"Name": "Mulberry",
													"Rarity": "VeryRare"
												},
												{
													"Name": "Oak_Nuts",
													"Rarity": "VeryRare"
												},
												{
													"Name": "Walnut",
													"Rarity": "Rare"
												},
												{
													"Name": "Wild_Strawberry",
													"Rarity": "VeryRare"
												}
											]
										},
										{
											"Name": "Pastries",
											"Rarity": "Rare",
											"Children": [
												{
													"Name": "Crackers",
													"Rarity": "Rare"
												},
												{
													"Name": "Toaster_Pastries",
													"Rarity": "Rare"
												}
											]
										}
									]
								}
							]
						},
						{
							"Name": "Money",
							"Rarity": "ExtremelyRare",
							"PostSpawnActions": [
								"SetCashAmount_SmallStash"
							],
							"Children": [
								{
									"Name": "Cash",
									"Rarity": "VeryRare"
								}
							]
						},
						{
							"Name": "Weapons",
							"Rarity": "ExtremelyRare",
							"Children": [
								{
									"Name": "Handguns",
									"Rarity": "Rare",
									"Children": [
										{
											"Name": "Weapon_Block21",
											"Rarity": "VeryRare"
										},
										{
											"Name": "Weapon_M1911",
											"Rarity": "Rare"
										},
										{
											"Name": "Weapon_M9",
											"Rarity": "Rare"
										},
										{
											"Name": "Weapon_M9_Silver",
											"Rarity": "VeryRare"
										}
									]
								},
								{
									"Name": "Shotguns",
									"Rarity": "VeryRare",
									"Children": [
										{
											"Name": "Weapon_590A11",
											"Rarity": "ExtremelyRare"
										},
										{
											"Name": "Weapon_DT11B",
											"Rarity": "Common"
										},
										{
											"Name": "Weapon_DT11B_Sawed_Off",
											"Rarity": "Uncommon"
										},
										{
											"Name": "Weapon_M1887",
											"Rarity": "Common"
										},
										{
											"Name": "Weapon_M1887_Sawed_off",
											"Rarity": "Uncommon"
										},
										{
											"Name": "Weapon_SDASS",
											"Rarity": "ExtremelyRare"
										}
									]
								}
							]
						}
					]
				},
				{
					"Name": "RepairToolkits",
					"Rarity": "Rare",
					"Children": [
						{
							"Name": "Car",
							"Rarity": "VeryRare",
							"Children": [
								{
									"Name": "Car_Repair_Kit",
									"Rarity": "Rare"
								},
								{
									"Name": "Gasoline_Canister",
									"Rarity": "VeryRare"
								},
								{
									"Name": "Gasoline_Canister_Small",
									"Rarity": "Rare"
								},
								{
									"Name": "Tire_Repair_Kit",
									"Rarity": "VeryRare"
								}
							]
						},
						{
							"Name": "General",
							"Rarity": "Rare",
							"Children": [
								{
									"Name": "Tool_Box",
									"Rarity": "ExtremelyRare"
								},
								{
									"Name": "Tool_Box_Small",
									"Rarity": "VeryRare"
								}
							]
						},
						{
							"Name": "Weapons",
							"Rarity": "ExtremelyRare",
							"Children": [
								{
									"Name": "Grinding_Stone_02",
									"Rarity": "Rare"
								},
								{
									"Name": "Weapon_Cleaning_Kit",
									"Rarity": "ExtremelyRare"
								}
							]
						}
					]
				},
				{
					"Name": "tools",
					"Rarity": "Rare",
					"Children": [
						{
							"Name": "Bats",
							"Rarity": "Rare",
							"Children": [
								{
									"Name": "2H_Baseball_Bat",
									"Rarity": "Uncommon"
								},
								{
									"Name": "2H_Baseball_Bat_Blaze",
									"Rarity": "VeryRare"
								},
								{
									"Name": "2H_Metal_Baseball_Bat",
									"Rarity": "Rare"
								}
							]
						},
						{
							"Name": "Electrical",
							"Rarity": "Rare",
							"Children": [
								{
									"Name": "Batteries",
									"Rarity": "Rare"
								},
								{
									"Name": "Car_Battery",
									"Rarity": "Rare"
								},
								{
									"Name": "Car_Battery_Cables",
									"Rarity": "Rare"
								},
								{
									"Name": "Electrical_Repair_Kit",
									"Rarity": "VeryRare"
								},
								{
									"Name": "Electrician_Tools",
									"Rarity": "Rare"
								},
								{
									"Name": "Mobile_Phone",
									"Rarity": "VeryRare"
								},
								{
									"Name": "Smartphone_Battery",
									"Rarity": "Rare"
								},
								{
									"Name": "Wire",
									"Rarity": "Uncommon"
								},
								{
									"Name": "Wire_Cutters_01",
									"Rarity": "Uncommon"
								}
							]
						},
						{
							"Name": "Hand",
							"Rarity": "Rare",
							"Children": [
								{
									"Name": "1H_Crowbar",
									"Rarity": "Rare"
								},
								{
									"Name": "1H_Metal_Pipe",
									"Rarity": "VeryRare"
								},
								{
									"Name": "1H_Wrench_Pipe",
									"Rarity": "Uncommon"
								},
								{
									"Name": "CanOpener",
									"Rarity": "Rare"
								},
								{
									"Name": "Lockpick_Advanced_Item",
									"Rarity": "Rare"
								},
								{
									"Name": "Lockpick_Item",
									"Rarity": "Rare"
								},
								{
									"Name": "Screwdriver",
									"Rarity": "ExtremelyRare"
								},
								{
									"Name": "Screwdriver_Small",
									"Rarity": "Uncommon"
								},
								{
									"Name": "Wire_Cutters_01",
									"Rarity": "Rare"
								}
							]
						}
					]
				},
				{
					"Name": "WorkClothes",
					"Rarity": "Rare",
					"Children": [
						{
							"Name": "Feet",
							"Rarity": "Rare",
							"Children": [
								{
									"Name": "ConstructionBoots",
									"Rarity": "Rare",
									"Children": [
										{
											"Name": "Boots_06_01",
											"Rarity": "Rare"
										}
									]
								},
								{
									"Name": "HikingBoots",
									"Rarity": "VeryRare",
									"Children": [
										{
											"Name": "Hiking_Boots_01",
											"Rarity": "Rare"
										}
									]
								},
								{
									"Name": "RubberBoots",
									"Rarity": "Rare",
									"Children": [
										{
											"Name": "Boots_07_01",
											"Rarity": "Rare"
										}
									]
								}
							]
						},
						{
							"Name": "Hands",
							"Rarity": "Rare",
							"Children": [
								{
									"Name": "ConstructionGloves",
									"Rarity": "Rare",
									"Children": [
										{
											"Name": "Construction_Gloves_01_01",
											"Rarity": "Rare"
										}
									]
								}
							]
						},
						{
							"Name": "Head",
							"Rarity": "Rare",
							"Children": [
								{
									"Name": "Beanies",
									"Rarity": "Rare",
									"Children": [
										{
											"Name": "Beenie_01",
											"Rarity": "Common"
										},
										{
											"Name": "RK_Beanie_01",
											"Rarity": "ExtremelyRare"
										}
									]
								},
								{
									"Name": "Caps",
									"Rarity": "Uncommon",
									"Children": [
										{
											"Name": "Baseball_Cap_13",
											"Rarity": "VeryRare"
										},
										{
											"Name": "Baseball_Cap_01",
											"Rarity": "Rare"
										}
									]
								},
								{
									"Name": "Hats",
									"Rarity": "Rare",
									"Children": [
										{
											"Name": "Boonie_Hat_01",
											"Rarity": "Rare"
										}
									]
								}
							]
						},
						{
							"Name": "Legs",
							"Rarity": "VeryRare",
							"Children": [
								{
									"Name": "WorkPants",
									"Rarity": "Rare",
									"Children": [
										{
											"Name": "Construction_Pants_01",
											"Rarity": "VeryRare"
										},
										{
											"Name": "Working_pants_01_01",
											"Rarity": "Rare"
										}
									]
								}
							]
						},
						{
							"Name": "Torso",
							"Rarity": "VeryRare",
							"Children": [
								{
									"Name": "Jackets",
									"Rarity": "VeryRare",
									"Children": [
										{
											"Name": "Trucker_Jacket_01",
											"Rarity": "Rare"
										},
										{
											"Name": "Work_Jacket_01",
											"Rarity": "VeryRare"
										}
									]
								},
								{
									"Name": "Shirts",
									"Rarity": "Rare",
									"Children": [
										{
											"Name": "Military_Shirt_01",
											"Rarity": "VeryRare"
										},
										{
											"Name": "Military_Shirt_04",
											"Rarity": "VeryRare"
										},
										{
											"Name": "Military_Shirt_05",
											"Rarity": "VeryRare"
										},
										{
											"Name": "Woodcuters_Shirt_01",
											"Rarity": "Rare"
										}
									]
								}
							]
						}
					]
				}
			]
		}
	]
}