{
	"Name": "ItemLootTreeNodes",
	"Rarity": "Uncommon",
	"Children": [
		{
			"Name": "Hospital",
			"Rarity": "Uncommon",
			"Children": [
				{
					"Name": "Clothes",
					"Rarity": "Uncommon",
					"Children": [
						{
							"Name": "Feet",
							"Rarity": "Uncommon",
							"Children": [
								{
									"Name": "Shoes",
									"Rarity": "VeryRare",
									"Children": [
										{
											"Name": "Sneakers_02_01",
											"Rarity": "Uncommon"
										}
									]
								},
								{
									"Name": "Slippers",
									"Rarity": "Common",
									"Children": [
										{
											"Name": "Slippers_01",
											"Rarity": "Rare"
										},
										{
											"Name": "Slippers_03",
											"Rarity": "Rare"
										}
									]
								},
								{
									"Name": "Socks",
									"Rarity": "Uncommon",
									"Children": [
										{
											"Name": "Sock_01",
											"Rarity": "Rare"
										}
									]
								}
							]
						},
						{
							"Name": "Hands",
							"Rarity": "VeryRare",
							"Children": [
								{
									"Name": "WoolGloves",
									"Rarity": "VeryRare",
									"Children": [
										{
											"Name": "Wool_Gloves_01_01",
											"Rarity": "Rare"
										}
									]
								}
							]
						},
						{
							"Name": "Head",
							"Rarity": "VeryRare",
							"Children": [
								{
									"Name": "Caps",
									"Rarity": "Rare",
									"Children": [
										{
											"Name": "Baseball_Cap_01",
											"Rarity": "Rare"
										}
									]
								},
								{
									"Name": "Hats",
									"Rarity": "Rare",
									"Children": [
										{
											"Name": "Beenie_01",
											"Rarity": "Rare"
										},
										{
											"Name": "Boonie_Hat_01",
											"Rarity": "Rare"
										}
									]
								}
							]
						},
						{
							"Name": "Legs",
							"Rarity": "Abundant",
							"Children": [
								{
									"Name": "Pants",
									"Rarity": "Abundant",
									"Children": [
										{
											"Name": "Hospital_Pants",
											"Rarity": "Abundant"
										},
										{
											"Name": "Pajama_Pants",
											"Rarity": "Abundant"
										}
									]
								},
								{
									"Name": "SweatPants",
									"Rarity": "VeryRare",
									"Children": [
										{
											"Name": "Tracksuit_Pants_01_01",
											"Rarity": "Rare"
										}
									]
								},
								{
									"Name": "Underwear",
									"Rarity": "Uncommon",
									"Children": [
										{
											"Name": "PenisWarmer_01",
											"Rarity": "VeryRare"
										},
										{
											"Name": "Underpants_01",
											"Rarity": "Rare"
										}
									]
								},
								{
									"Name": "WorkPants",
									"Rarity": "ExtremelyRare",
									"Children": [
										{
											"Name": "Working_pants_01_01",
											"Rarity": "VeryRare"
										}
									]
								}
							]
						},
						{
							"Name": "Torso",
							"Rarity": "Abundant",
							"Children": [
								{
									"Name": "Hoodies",
									"Rarity": "VeryRare",
									"Children": [
										{
											"Name": "Hoodie_01",
											"Rarity": "Rare"
										}
									]
								},
								{
									"Name": "Raincoats",
									"Rarity": "ExtremelyRare",
									"Children": [
										{
											"Name": "Raincoat_01",
											"Rarity": "VeryRare"
										}
									]
								},
								{
									"Name": "Shirts",
									"Rarity": "Uncommon",
									"Children": [
										{
											"Name": "Hospital_Shirt_01",
											"Rarity": "Abundant"
										},
										{
											"Name": "Pajama_Shirt_01",
											"Rarity": "Abundant"
										},
										{
											"Name": "Shirt_01",
											"Rarity": "VeryRare"
										}
									]
								},
								{
									"Name": "Tracksuits",
									"Rarity": "VeryRare",
									"Children": [
										{
											"Name": "Tracksuit_Top_01",
											"Rarity": "Rare"
										}
									]
								},
								{
									"Name": "WorkJackets",
									"Rarity": "ExtremelyRare",
									"Children": [
										{
											"Name": "Work_Jacket_01",
											"Rarity": "VeryRare"
										}
									]
								}
							]
						}
					]
				},
				{
					"Name": "Items",
					"Rarity": "Common",
					"Children": [
						{
							"Name": "1H_Scalpel",
							"Rarity": "Rare"
						},
						{
							"Name": "Batteries",
							"Rarity": "Rare"
						},
						{
							"Name": "Bobby_pin",
							"Rarity": "Uncommon"
						},
						{
							"Name": "Crutch",
							"Rarity": "VeryRare"
						},
						{
							"Name": "Disposable_Mask",
							"Rarity": "Uncommon"
						},
						{
							"Name": "Fabric",
							"Rarity": "Uncommon",
							"Children": [
								{
									"Name": "EmptyBag",
									"Rarity": "Rare"
								},
								{
									"Name": "Rag_Stripes",
									"Rarity": "Rare"
								},
								{
									"Name": "Rags",
									"Rarity": "Rare"
								}
							]
						},
						{
							"Name": "FirstAid",
							"Rarity": "Abundant",
							"Children": [
								{
									"Name": "Antibiotics",
									"Rarity": "Rare",
									"Children": [
										{
											"Name": "Antibiotics_01",
											"Rarity": "Rare"
										},
										{
											"Name": "Antibiotics_02",
											"Rarity": "VeryRare"
										},
										{
											"Name": "Antibiotics_03",
											"Rarity": "ExtremelyRare"
										}
									]
								},
								{
									"Name": "Bandages",
									"Rarity": "Rare",
									"Children": [
										{
											"Name": "Emergency_bandage",
											"Rarity": "Rare"
										},
										{
											"Name": "Emergency_bandage_Big",
											"Rarity": "Rare"
										},
										{
											"Name": "Hemostatic_Dressing",
											"Rarity": "Rare"
										},
										{
											"Name": "Pressure_Dressing",
											"Rarity": "Rare"
										},
										{
											"Name": "Tourniquet",
											"Rarity": "Rare"
										}
									]
								},
								{
									"Name": "Charcoal",
									"Rarity": "Rare",
									"Children": [
										{
											"Name": "ActivatedCharcoal_01",
											"Rarity": "Rare"
										},
										{
											"Name": "ActivatedCharcoal_02",
											"Rarity": "VeryRare"
										},
										{
											"Name": "ActivatedCharcoal_03",
											"Rarity": "ExtremelyRare"
										}
									]
								},
								{
									"Name": "Painkillers",
									"Rarity": "Rare",
									"Children": [
										{
											"Name": "Painkillers_01",
											"Rarity": "Rare"
										},
										{
											"Name": "Painkillers_02",
											"Rarity": "VeryRare"
										},
										{
											"Name": "PainKillers_03",
											"Rarity": "ExtremelyRare"
										}
									]
								},
								{
									"Name": "Potassium",
									"Rarity": "Rare",
									"Children": [
										{
											"Name": "PotassiumIodide_Pills_01",
											"Rarity": "Rare"
										},
										{
											"Name": "PotassiumIodide_Pills_02",
											"Rarity": "VeryRare"
										},
										{
											"Name": "PotassiumIodide_Pills_03",
											"Rarity": "ExtremelyRare"
										}
									]
								},
								{
									"Name": "Vitamins",
									"Rarity": "Rare",
									"Children": [
										{
											"Name": "Vitamins_01",
											"Rarity": "Rare"
										},
										{
											"Name": "Vitamins_02",
											"Rarity": "VeryRare"
										},
										{
											"Name": "Vitamins_03",
											"Rarity": "ExtremelyRare"
										}
									]
								}
							]
						},
						{
							"Name": "Glass",
							"Rarity": "Uncommon"
						},
						{
							"Name": "Isopropyl_alcohol",
							"Rarity": "Rare"
						},
						{
							"Name": "Magnifying_Glass1",
							"Rarity": "VeryRare"
						},
						{
							"Name": "Needle",
							"Rarity": "Rare"
						},
						{
							"Name": "Paper",
							"Rarity": "Uncommon"
						},
						{
							"Name": "Pen",
							"Rarity": "Rare"
						},
						{
							"Name": "Rubber_band",
							"Rarity": "Rare"
						},
						{
							"Name": "Scissors",
							"Rarity": "VeryRare",
							"Children": [
								{
									"Name": "Scissors_01",
									"Rarity": "Rare"
								},
								{
									"Name": "Scissors_Plastic",
									"Rarity": "VeryRare"
								}
							]
						},
						{
							"Name": "Syringe",
							"Rarity": "Uncommon"
						},
						{
							"Name": "Thread",
							"Rarity": "Rare"
						}
					]
				},
				{
					"Name": "Other",
					"Rarity": "VeryRare",
					"Children": [
						{
							"Name": "Backpacks",
							"Rarity": "VeryRare",
							"Children": [
								{
									"Name": "Plain",
									"Rarity": "Rare",
									"Children": [
										{
											"Name": "Backpack_02_01",
											"Rarity": "Rare"
										}
									]
								},
								{
									"Name": "WaistBags",
									"Rarity": "Rare",
									"Children": [
										{
											"Name": "Waist_Bag_Small_01",
											"Rarity": "Rare"
										}
									]
								}
							]
						},
						{
							"Name": "Drink",
							"Rarity": "Rare",
							"Children": [
								{
									"Name": "NonAlcoholic",
									"Rarity": "Rare",
									"Children": [
										{
											"Name": "Cream",
											"Rarity": "VeryRare"
										},
										{
											"Name": "Juice",
											"Rarity": "Rare",
											"Children": [
												{
													"Name": "GlassBottle01",
													"Rarity": "Rare"
												}
											]
										},
										{
											"Name": "Milk",
											"Rarity": "VeryRare"
										},
										{
											"Name": "Soda",
											"Rarity": "Rare",
											"Children": [
												{
													"Name": "Can01",
													"Rarity": "Rare"
												},
												{
													"Name": "PETBottle01",
													"Rarity": "VeryRare"
												}
											]
										},
										{
											"Name": "Water_05l",
											"Rarity": "Rare"
										}
									]
								}
							]
						},
						{
							"Name": "Food",
							"Rarity": "Rare",
							"Children": [
								{
									"Name": "Cans",
									"Rarity": "VeryRare",
									"Children": [
										{
											"Name": "BakedBeans",
											"Rarity": "Rare"
										},
										{
											"Name": "BeefRavioli",
											"Rarity": "Rare"
										},
										{
											"Name": "BeefStew",
											"Rarity": "Rare"
										},
										{
											"Name": "BlackOlives",
											"Rarity": "Rare"
										},
										{
											"Name": "Canned_Corn",
											"Rarity": "Rare"
										},
										{
											"Name": "Canned_Tuna",
											"Rarity": "Uncommon"
										},
										{
											"Name": "CannedFruitCoctail",
											"Rarity": "VeryRare"
										},
										{
											"Name": "CannedGoulash",
											"Rarity": "VeryRare"
										},
										{
											"Name": "CannedPeach",
											"Rarity": "VeryRare"
										},
										{
											"Name": "CannedPear",
											"Rarity": "VeryRare"
										},
										{
											"Name": "CannedPeas",
											"Rarity": "Rare"
										},
										{
											"Name": "CannedSardine",
											"Rarity": "Uncommon"
										},
										{
											"Name": "CannedSpaghetti",
											"Rarity": "Rare"
										},
										{
											"Name": "Chow_Mein",
											"Rarity": "Rare"
										},
										{
											"Name": "GuavaHalves",
											"Rarity": "Uncommon"
										},
										{
											"Name": "MRE_Cheeseburger",
											"Rarity": "VeryRare"
										}
									]
								},
								{
									"Name": "Dairy",
									"Rarity": "VeryRare",
									"Children": [
										{
											"Name": "Butter",
											"Rarity": "Rare"
										},
										{
											"Name": "Cheese",
											"Rarity": "Rare"
										},
										{
											"Name": "CheesePacked",
											"Rarity": "Rare"
										},
										{
											"Name": "Richards_Cheese",
											"Rarity": "Uncommon"
										}
									]
								},
								{
									"Name": "Fruit",
									"Rarity": "Rare",
									"Children": [
										{
											"Name": "Apple",
											"Rarity": "Uncommon"
										},
										{
											"Name": "Apple_2",
											"Rarity": "Uncommon"
										},
										{
											"Name": "Banana",
											"Rarity": "Rare"
										},
										{
											"Name": "Blueberries",
											"Rarity": "Rare"
										},
										{
											"Name": "CantaloupeMelon",
											"Rarity": "VeryRare"
										},
										{
											"Name": "Coconut",
											"Rarity": "VeryRare"
										},
										{
											"Name": "GrapeFruit",
											"Rarity": "VeryRare"
										},
										{
											"Name": "Kiwi",
											"Rarity": "VeryRare"
										},
										{
											"Name": "Lemon",
											"Rarity": "VeryRare"
										},
										{
											"Name": "Lime",
											"Rarity": "VeryRare"
										},
										{
											"Name": "Mango",
											"Rarity": "VeryRare"
										},
										{
											"Name": "Olives",
											"Rarity": "VeryRare"
										},
										{
											"Name": "Orange",
											"Rarity": "VeryRare"
										},
										{
											"Name": "Peach",
											"Rarity": "Rare"
										},
										{
											"Name": "Pear",
											"Rarity": "Rare"
										},
										{
											"Name": "Pineapple",
											"Rarity": "VeryRare"
										},
										{
											"Name": "Tangerine",
											"Rarity": "VeryRare"
										},
										{
											"Name": "Watermelon",
											"Rarity": "VeryRare"
										}
									]
								},
								{
									"Name": "Snacks",
									"Rarity": "Rare",
									"Children": [
										{
											"Name": "Candy",
											"Rarity": "Rare",
											"Children": [
												{
													"Name": "Candy_Bob",
													"Rarity": "ExtremelyRare"
												}
											]
										},
										{
											"Name": "Cereal",
											"Rarity": "Rare",
											"Children": [
												{
													"Name": "Cereal_BunnyStars",
													"Rarity": "Rare"
												},
												{
													"Name": "Corn_flakes",
													"Rarity": "Rare"
												},
												{
													"Name": "Instant_OatMeal",
													"Rarity": "Rare"
												}
											]
										},
										{
											"Name": "Chips",
											"Rarity": "Rare",
											"Children": [
												{
													"Name": "Chips",
													"Rarity": "Rare"
												},
												{
													"Name": "MeatSnack_01",
													"Rarity": "Rare"
												}
											]
										},
										{
											"Name": "Chocolate",
											"Rarity": "Rare",
											"Children": [
												{
													"Name": "ChocolateCandy_01",
													"Rarity": "Uncommon"
												},
												{
													"Name": "ChocolateCandy_08",
													"Rarity": "Rare"
												}
											]
										},
										{
											"Name": "NutsAndBerries",
											"Rarity": "Rare",
											"Children": [
												{
													"Name": "Barberry",
													"Rarity": "VeryRare"
												},
												{
													"Name": "Blackberry",
													"Rarity": "VeryRare"
												},
												{
													"Name": "Blueberries",
													"Rarity": "VeryRare"
												},
												{
													"Name": "Currant",
													"Rarity": "Rare"
												},
												{
													"Name": "Grapes_Raw",
													"Rarity": "VeryRare"
												},
												{
													"Name": "Hazelnuts",
													"Rarity": "Rare"
												},
												{
													"Name": "Mulberry",
													"Rarity": "VeryRare"
												},
												{
													"Name": "Oak_Nuts",
													"Rarity": "VeryRare"
												},
												{
													"Name": "Walnut",
													"Rarity": "Rare"
												},
												{
													"Name": "Wild_Strawberry",
													"Rarity": "VeryRare"
												}
											]
										},
										{
											"Name": "Pastries",
											"Rarity": "Rare",
											"Children": [
												{
													"Name": "Toaster_Pastries",
													"Rarity": "Rare"
												}
											]
										}
									]
								},
								{
									"Name": "Veggies",
									"Rarity": "Rare",
									"Children": [
										{
											"Name": "Beet",
											"Rarity": "VeryRare"
										},
										{
											"Name": "Bell_Pepper",
											"Rarity": "VeryRare"
										},
										{
											"Name": "Broccoli",
											"Rarity": "VeryRare"
										},
										{
											"Name": "Cabbage",
											"Rarity": "VeryRare"
										},
										{
											"Name": "Carrot",
											"Rarity": "Rare"
										},
										{
											"Name": "Cauliflower",
											"Rarity": "VeryRare"
										},
										{
											"Name": "Celery",
											"Rarity": "Rare"
										},
										{
											"Name": "Chilipeper",
											"Rarity": "Rare"
										},
										{
											"Name": "Corn",
											"Rarity": "Rare"
										},
										{
											"Name": "Cucumber",
											"Rarity": "Rare"
										},
										{
											"Name": "Garlic",
											"Rarity": "Uncommon"
										},
										{
											"Name": "Lettuce",
											"Rarity": "Rare"
										},
										{
											"Name": "Onion",
											"Rarity": "Uncommon"
										},
										{
											"Name": "Parsley",
											"Rarity": "Uncommon"
										},
										{
											"Name": "Potato",
											"Rarity": "Rare"
										},
										{
											"Name": "Pumpkin",
											"Rarity": "VeryRare"
										},
										{
											"Name": "Spinach",
											"Rarity": "Rare"
										},
										{
											"Name": "SugarBeet",
											"Rarity": "VeryRare"
										},
										{
											"Name": "Tomato",
											"Rarity": "Rare"
										},
										{
											"Name": "Zucchini",
											"Rarity": "VeryRare"
										}
									]
								}
							]
						},
						{
							"Name": "Money",
							"Rarity": "ExtremelyRare",
							"PostSpawnActions": [
								"SetCashAmount_MediumStash"
							],
							"Children": [
								{
									"Name": "Cash",
									"Rarity": "VeryRare"
								}
							]
						},
						{
							"Name": "tools",
							"Rarity": "Rare",
							"Children": [
								{
									"Name": "Hand",
									"Rarity": "Rare",
									"Children": [
										{
											"Name": "1H_Crowbar",
											"Rarity": "Rare"
										},
										{
											"Name": "1H_Metal_Pipe",
											"Rarity": "VeryRare"
										},
										{
											"Name": "1H_Wrench_Pipe",
											"Rarity": "Uncommon"
										},
										{
											"Name": "CanOpener",
											"Rarity": "Rare"
										},
										{
											"Name": "Lockpick_Advanced_Item",
											"Rarity": "Rare"
										},
										{
											"Name": "Lockpick_Item",
											"Rarity": "Rare"
										},
										{
											"Name": "Saw",
											"Rarity": "VeryRare"
										},
										{
											"Name": "Screwdriver",
											"Rarity": "ExtremelyRare"
										},
										{
											"Name": "Screwdriver_Small",
											"Rarity": "Uncommon"
										},
										{
											"Name": "Wire_Cutters_01",
											"Rarity": "Rare"
										}
									]
								}
							]
						}
					]
				}
			]
		}
	]
}