{
	"Nodes": [
		{
			"Rarity": "ExtremelyRare",
			"Ids": [
				"ItemLootTreeNodes.LivingRoom.Other"
			]
		},
		{
			"Rarity": "Uncommon",
			"Ids": [
				"ItemLootTreeNodes.LivingRoom.Items.Clothes.Feet",
				"ItemLootTreeNodes.LivingRoom.Items.Clothes.Legs",
				"ItemLootTreeNodes.LivingRoom.Items.Clothes.Torso"
			]
		}
	],
	"Probability": 22,
	"QuantityMin": 1,
	"QuantityMax": 2,
	"AllowDuplicates": false,
	"ShouldFilterItemsByZone": true,
	"InitialDamage": 0,
	"RandomDamage": 20,
	"InitialUsage": 0,
	"RandomUsage": 20,
	"PostSpawnActions": [
		"SetClothesDirtiness_ResidentialClothes"
	]
}