{
	"Nodes": [
		{
			"Rarity": "Rare",
			"Ids": [
				"ItemLootTreeNodes.Hospital.Clothes"
			]
		},
		{
			"Rarity": "Common",
			"Ids": [
				"ItemLootTreeNodes.Hospital.Items"
			]
		},
		{
			"Rarity": "ExtremelyRare",
			"Ids": [
				"ItemLootTreeNodes.Hospital.Other"
			]
		}
	],
	"Probability": 10,
	"QuantityMin": 1,
	"QuantityMax": 1,
	"AllowDuplicates": false,
	"ShouldFilterItemsByZone": true,
	"InitialDamage": 10,
	"RandomDamage": 30,
	"InitialUsage": 10,
	"RandomUsage": 30,
	"PostSpawnActions": [
		"SetClothesDirtiness_ResidentialClothes",
		"SetCashAmount_SmallStash"
	]
}