{
	"Nodes": [
		{
			"Rarity": "Uncommon",
			"Ids": [
				"ItemLootTreeNodes.Sports.FoodDrink",
				"ItemLootTreeNodes.Sports.Misc"
			]
		},
		{
			"Rarity": "Uncommon",
			"Ids": [
				"ItemLootTreeNodes.Bathroom.Items"
			]
		}
	],
	"Probability": 20,
	"QuantityMin": 1,
	"QuantityMax": 1,
	"AllowDuplicates": false,
	"ShouldFilterItemsByZone": true,
	"InitialDamage": 0,
	"RandomDamage": 20,
	"InitialUsage": 0,
	"RandomUsage": 20,
	"PostSpawnActions": [
		"SetClothesDirtiness_ResidentialClothes"
	]
}