{
	"Nodes": [
		{
			"Rarity": "Uncommon",
			"Ids": [
				"ItemLootTreeNodes.Barn.Crafting",
				"ItemLootTreeNodes.Barn.LightsFire",
				"ItemLootTreeNodes.Barn.Tools.Heavy",
				"ItemLootTreeNodes.Barn.WorkClothes",
				"ItemLootTreeNodes.Barn.Other.Weapons.Rifles.Weapon_CarbonHunter",
				"ItemLootTreeNodes.Barn.Other.Weapons.Rifles.Weapon_Hunter85_V2",
				"ItemLootTreeNodes.Barn.Other.Weapons.Shotguns.Weapon_M1887",
				"ItemLootTreeNodes.Barn.Other.Weapons.Shotguns.Weapon_M1887_Sawed_off"
			]
		},
		{
			"Rarity": "Uncommon",
			"Ids": [
				"ItemLootTreeNodes.Farm.Fertilizers",
				"ItemLootTreeNodes.Farm.Pesticides",
				"ItemLootTreeNodes.Farm.Seeds"
			]
		}
	],
	"Probability": 15,
	"QuantityMin": 1,
	"QuantityMax": 1,
	"AllowDuplicates": false,
	"ShouldFilterItemsByZone": true,
	"InitialDamage": 0,
	"RandomDamage": 50,
	"InitialUsage": 0,
	"RandomUsage": 50,
	"PostSpawnActions": [
		"SetCashAmount_SmallStash",
		"SetClothesDirtiness_ResidentialClothes",
		"SetAmmoAmount_SmallStash"
	]
}