{
	"Nodes": [
		{
			"Rarity": "Uncommon",
			"Ids": [
				"ItemLootTreeNodes.Barn.Crafting",
				"ItemLootTreeNodes.Barn.LightsFire",
				"ItemLootTreeNodes.Barn.Repair",
				"ItemLootTreeNodes.Barn.Tools",
				"ItemLootTreeNodes.Barn.WorkClothes",
				"ItemLootTreeNodes.Barn.Other.Money",
				"ItemLootTreeNodes.Barn.Other.Flares",
				"ItemLootTreeNodes.Barn.Other.Backpacks",
				"ItemLootTreeNodes.Barn.Other.Ammo",
				"ItemLootTreeNodes.Barn.Other.Weapons.Bows.Recurves",
				"ItemLootTreeNodes.Barn.Other.Weapons.Rifles.Weapon_CarbonHunter",
				"ItemLootTreeNodes.Barn.Other.Weapons.Rifles.Weapon_Hunter85_V2"
			]
		},
		{
			"Rarity": "Uncommon",
			"Ids": [
				"ItemLootTreeNodes.Farm"
			]
		}
	],
	"Probability": 20,
	"QuantityMin": 1,
	"QuantityMax": 1,
	"AllowDuplicates": false,
	"ShouldFilterItemsByZone": true,
	"InitialDamage": 0,
	"RandomDamage": 50,
	"InitialUsage": 0,
	"RandomUsage": 50,
	"PostSpawnActions": [
		"SetCashAmount_SmallStash",
		"SetClothesDirtiness_DirtyClothes",
		"SetAmmoAmount_SmallStash"
	]
}