{
	"Nodes": [
		{
			"Rarity": "Uncommon",
			"Ids": [
				"ItemLootTreeNodes.LivingRoom"
			]
		},
		{
			"Rarity": "Uncommon",
			"Ids": [
				"ItemLootTreeNodes.Trash"
			]
		}
	],
	"Items": [
		{
			"Rarity": "Rare",
			"Id": "Candle_01"
		}
	],
	"Probability": 12,
	"QuantityMin": 1,
	"QuantityMax": 1,
	"AllowDuplicates": false,
	"ShouldFilterItemsByZone": true,
	"InitialDamage": 0,
	"RandomDamage": 50,
	"InitialUsage": 0,
	"RandomUsage": 50,
	"PostSpawnActions": [
		"SetCashAmount_SmallStash",
		"SetAmmoAmount_SmallStash",
		"SetClothesDirtiness_ResidentialClothes"
	]
}