{
	"Nodes": [
		{
			"Rarity": "Uncommon",
			"Ids": [
				"ItemLootTreeNodes.GasShop.Other.Money",
				"ItemLootTreeNodes.GasShop.Other.FoodAndDrink",
				"ItemLootTreeNodes.GasShop.Other.Flares",
				"ItemLootTreeNodes.GasShop.Other.Backpacks",
				"ItemLootTreeNodes.GasShop.Other.Ammo"
			]
		},
		{
			"Rarity": "Rare",
			"Ids": [
				"ItemLootTreeNodes.Garage.VehicleAccesories"
			]
		}
	],
	"Probability": 15,
	"QuantityMin": 1,
	"QuantityMax": 1,
	"AllowDuplicates": false,
	"ShouldFilterItemsByZone": true,
	"InitialDamage": 0,
	"RandomDamage": 30,
	"InitialUsage": 0,
	"RandomUsage": 30
}