{
	"Nodes": [
		{
			"Rarity": "Uncommon",
			"Ids": [
				"ItemLootTreeNodes.Trash"
			]
		},
		{
			"Rarity": "Rare",
			"Ids": [
				"ItemLootTreeNodes.Kitchen.Items"
			]
		}
	],
	"Items": [
		{
			"Rarity": "Rare",
			"Id": "Cheese"
		},
		{
			"Rarity": "Uncommon",
			"Id": "CheesePacked"
		},
		{
			"Rarity": "Rare",
			"Id": "Richards_Cheese"
		},
		{
			"Rarity": "Rare",
			"Id": "Yeast"
		},
		{
			"Rarity": "VeryRare",
			"Id": "Milk"
		}
	],
	"Probability": 15,
	"QuantityMin": 1,
	"QuantityMax": 1,
	"AllowDuplicates": false,
	"ShouldFilterItemsByZone": true,
	"InitialDamage": 50,
	"RandomDamage": 40,
	"InitialUsage": 50,
	"RandomUsage": 40
}