{
	"Nodes": [
		{
			"Rarity": "Uncommon",
			"Ids": [
				"ItemLootTreeNodes.Military.Weapons.AssaultRifles",
				"ItemLootTreeNodes.Military.Weapons.LMGs",
				"ItemLootTreeNodes.Military.Weapons.SMGs"
			]
		},
		{
			"Rarity": "VeryRare",
			"Ids": [
				"ItemLootTreeNodes.Military.Weapons.Rifles",
				"ItemLootTreeNodes.Military.Weapons.Other"
			]
		}
	],
	"Probability": 25,
	"QuantityMin": 1,
	"QuantityMax": 1,
	"AllowDuplicates": false,
	"ShouldFilterItemsByZone": true,
	"InitialDamage": 20,
	"RandomDamage": 20,
	"InitialUsage": 0,
	"RandomUsage": 15
}