{
	"Nodes": [
		{
			"Rarity": "Uncommon",
			"Ids": [
				"ItemLootTreeNodes.Pharmacy.Items.Fabric",
				"ItemLootTreeNodes.Pharmacy.Items.Scissors",
				"ItemLootTreeNodes.Pharmacy.Clothes",
				"ItemLootTreeNodes.Pharmacy.Other.Money",
				"ItemLootTreeNodes.Pharmacy.Other.Backpacks.WaistBags"
			]
		}
	],
	"Probability": 15,
	"QuantityMin": 1,
	"QuantityMax": 1,
	"AllowDuplicates": false,
	"ShouldFilterItemsByZone": true,
	"InitialDamage": 0,
	"RandomDamage": 30,
	"InitialUsage": 0,
	"RandomUsage": 30
}