{
	"Nodes": [
		{
			"Rarity": "Uncommon",
			"Ids": [
				"ItemLootTreeNodes.Hospital.Items.FirstAid",
				"ItemLootTreeNodes.Hospital.Items.1H_Scalpel",
				"ItemLootTreeNodes.Hospital.Items.Disposable_Mask",
				"ItemLootTreeNodes.Hospital.Items.Scissors",
				"ItemLootTreeNodes.Hospital.Items.Needle"
			]
		}
	],
	"Probability": 35,
	"QuantityMin": 1,
	"QuantityMax": 2,
	"AllowDuplicates": false,
	"ShouldFilterItemsByZone": true,
	"InitialDamage": 10,
	"RandomDamage": 30,
	"InitialUsage": 0,
	"RandomUsage": 30
}