{
	"Nodes": [
		{
			"Rarity": "ExtremelyRare",
			"Ids": [
				"ItemLootTreeNodes.LivingRoom.Other.Backpacks.WaistBags.Waist_Bag_Small_01",
				"ItemLootTreeNodes.LivingRoom.Other.Backpacks.Plain.Backpack_02_01",
				"ItemLootTreeNodes.LivingRoom.Other.Backpacks.Hiking",
				"ItemLootTreeNodes.LivingRoom.Other.Backpacks.Military_Quiver_01"
			]
		},
		{
			"Rarity": "Uncommon",
			"Ids": [
				"ItemLootTreeNodes.Military.Clothes.Feet.MilitaryBoots",
				"ItemLootTreeNodes.Military.Clothes.Hands.TacticalGloves",
				"ItemLootTreeNodes.Military.Clothes.Hands.OpenFingerGloves",
				"ItemLootTreeNodes.Military.Clothes.Head",
				"ItemLootTreeNodes.Military.Clothes.Legs.TacticalMilitaryPants",
				"ItemLootTreeNodes.Military.Clothes.Legs.ShortTrousers",
				"ItemLootTreeNodes.Military.Clothes.Torso.CamoJackets",
				"ItemLootTreeNodes.Military.Clothes.Torso.MilitaryShirts",
				"ItemLootTreeNodes.Military.Clothes.Torso.Raincoats",
				"ItemLootTreeNodes.Military.Clothes.Torso.TacticalJackets",
				"ItemLootTreeNodes.Military.Clothes.Torso.TacticalSweaters"
			]
		}
	],
	"Probability": 15,
	"QuantityMin": 1,
	"QuantityMax": 2,
	"AllowDuplicates": false,
	"ShouldFilterItemsByZone": true,
	"InitialDamage": 0,
	"RandomDamage": 20,
	"InitialUsage": 0,
	"RandomUsage": 20,
	"PostSpawnActions": [
		"SetClothesDirtiness_ResidentialClothes"
	]
}