{
	"Nodes": [
		{
			"Rarity": "Uncommon",
			"Ids": [
				"ItemLootTreeNodes.Bar.Other",
				"ItemLootTreeNodes.Bar.Melee",
				"ItemLootTreeNodes.Bar.Items",
				"ItemLootTreeNodes.Bar.Food",
				"ItemLootTreeNodes.Bar.Drinks",
				"ItemLootTreeNodes.Bar.Weapons.Ammo",
				"ItemLootTreeNodes.Bar.Weapons.Handguns.Weapon_Krueger"
			]
		}
	],
	"Probability": 10,
	"QuantityMin": 1,
	"QuantityMax": 1,
	"AllowDuplicates": false,
	"ShouldFilterItemsByZone": true,
	"InitialDamage": 0,
	"RandomDamage": 50,
	"InitialUsage": 0,
	"RandomUsage": 50,
	"PostSpawnActions": [
		"SetAmmoAmount_SmallStash",
		"SetCashAmount_SmallStash"
	]
}