{
	"Nodes": [
		{
			"Rarity": "Uncommon",
			"Ids": [
				"ItemLootTreeNodes.FoodStore.Items.Blades",
				"ItemLootTreeNodes.FoodStore.Items.Dish"
			]
		}
	],
	"Items": [
		{
			"Rarity": "Uncommon",
			"Id": "Cheese"
		},
		{
			"Rarity": "Uncommon",
			"Id": "CheesePacked"
		},
		{
			"Rarity": "Uncommon",
			"Id": "Richards_Cheese"
		},
		{
			"Rarity": "Uncommon",
			"Id": "Yeast"
		},
		{
			"Rarity": "Uncommon",
			"Id": "Milk"
		}
	],
	"Probability": 20,
	"QuantityMin": 1,
	"QuantityMax": 1,
	"AllowDuplicates": false,
	"ShouldFilterItemsByZone": true,
	"InitialDamage": 0,
	"RandomDamage": 0,
	"InitialUsage": 0,
	"RandomUsage": 0
}