{
	"Nodes": [
		{
			"Rarity": "Uncommon",
			"Ids": [
				"ItemLootTreeNodes.Military.Ammo",
				"ItemLootTreeNodes.Military.Gear.Armor",
				"ItemLootTreeNodes.Military.Gear.Attachments",
				"ItemLootTreeNodes.Military.Gear.Backpacks.Assault",
				"ItemLootTreeNodes.Military.Gear.Backpacks.Holsters",
				"ItemLootTreeNodes.Military.Gear.Backpacks.WaistBags",
				"ItemLootTreeNodes.Military.Gear.Magazines",
				"ItemLootTreeNodes.Military.Gear.Optics",
				"ItemLootTreeNodes.Military.Gear.Tools",
				"ItemLootTreeNodes.Military.Gear.Explosives"
			]
		}
	],
	"Probability": 9,
	"QuantityMin": 1,
	"QuantityMax": 1,
	"AllowDuplicates": false,
	"ShouldFilterItemsByZone": true,
	"InitialDamage": 0,
	"RandomDamage": 0,
	"InitialUsage": 0,
	"RandomUsage": 0
}