{
	"Nodes": [
		{
			"Rarity": "Uncommon",
			"Ids": [
				"ItemLootTreeNodes.Garage.Crafting",
				"ItemLootTreeNodes.Garage.Tools",
				"ItemLootTreeNodes.Garage.WorkClothes",
				"ItemLootTreeNodes.Garage.Other.Flares",
				"ItemLootTreeNodes.Garage.Other.FoodAndDrink"
			]
		}
	],
	"Probability": 15,
	"QuantityMin": 1,
	"QuantityMax": 1,
	"AllowDuplicates": false,
	"ShouldFilterItemsByZone": true,
	"InitialDamage": 50,
	"RandomDamage": 40,
	"InitialUsage": 50,
	"RandomUsage": 40,
	"PostSpawnActions": [
		"SetAmmoAmount_SmallStash",
		"SetCashAmount_SmallStash",
		"SetClothesDirtiness_DirtyClothes"
	]
}