{
	"Nodes": [
		{
			"Rarity": "Uncommon",
			"Ids": [
				"ItemLootTreeNodes.Bathroom.Items"
			]
		},
		{
			"Rarity": "Rare",
			"Ids": [
				"ItemLootTreeNodes.Military.Clothes.Torso",
				"ItemLootTreeNodes.Military.Clothes.Legs",
				"ItemLootTreeNodes.Military.Clothes.Hands",
				"ItemLootTreeNodes.Military.Weapons.Handguns",
				"ItemLootTreeNodes.Military.Weapons.Shotguns",
				"ItemLootTreeNodes.Military.Gear.Backpacks.WaistBags",
				"ItemLootTreeNodes.Military.Gear.Tools.Knives"
			]
		}
	],
	"Probability": 15,
	"QuantityMin": 1,
	"QuantityMax": 1,
	"AllowDuplicates": false,
	"ShouldFilterItemsByZone": true,
	"InitialDamage": 0,
	"RandomDamage": 50,
	"InitialUsage": 0,
	"RandomUsage": 50,
	"PostSpawnActions": [
		"SetClothesDirtiness_ResidentialClothes"
	]
}