{
	"Nodes": [
		{
			"Rarity": "Uncommon",
			"Ids": [
				"ItemLootTreeNodes.LivingRoom.Items",
				"ItemLootTreeNodes.LivingRoom.Other.Backpacks.Hiking",
				"ItemLootTreeNodes.LivingRoom.Other.Backpacks.Holsters",
				"ItemLootTreeNodes.LivingRoom.Other.Backpacks.Plain",
				"ItemLootTreeNodes.LivingRoom.Other.Backpacks.School",
				"ItemLootTreeNodes.LivingRoom.Other.Backpacks.WaistBags"
			]
		}
	],
	"Probability": 10,
	"QuantityMin": 1,
	"QuantityMax": 1,
	"AllowDuplicates": false,
	"ShouldFilterItemsByZone": true,
	"InitialDamage": 0,
	"RandomDamage": 50,
	"InitialUsage": 0,
	"RandomUsage": 50,
	"PostSpawnActions": [
		"SetCashAmount_SmallStash",
		"SetAmmoAmount_SmallStash"
	]
}