{
	"Nodes": [
		{
			"Rarity": "Uncommon",
			"Ids": [
				"ItemLootTreeNodes.Workshop"
			]
		}
	],
	"Items": [
		{
			"Rarity": "VeryRare",
			"Id": "1H_Small_Axe"
		},
		{
			"Rarity": "VeryRare",
			"Id": "2H_Axe"
		},
		{
			"Rarity": "ExtremelyRare",
			"Id": "Chainsaw"
		}
	],
	"Probability": 15,
	"QuantityMin": 1,
	"QuantityMax": 1,
	"AllowDuplicates": false,
	"ShouldFilterItemsByZone": true,
	"InitialDamage": 0,
	"RandomDamage": 0,
	"InitialUsage": 0,
	"RandomUsage": 0
}