{
	"Nodes": [
		{
			"Rarity": "Uncommon",
			"Ids": [
				"ItemLootTreeNodes.Pharmacy.Other",
				"ItemLootTreeNodes.Pharmacy.Items.FirstAid.Bandages",
				"ItemLootTreeNodes.Pharmacy.Items.FirstAid.Vitamins",
				"ItemLootTreeNodes.Pharmacy.Items.FirstAid.Painkillers",
				"ItemLootTreeNodes.Pharmacy.Items.Fabric",
				"ItemLootTreeNodes.Pharmacy.Items.Scissors",
				"ItemLootTreeNodes.Pharmacy.Clothes.Feet.Shoes",
				"ItemLootTreeNodes.Pharmacy.Clothes.Feet.Socks"
			]
		},
		{
			"Rarity": "Uncommon",
			"Ids": [
				"ItemLootTreeNodes.LivingRoom.Items",
				"ItemLootTreeNodes.LivingRoom.Other"
			]
		}
	],
	"Probability": 15,
	"QuantityMin": 1,
	"QuantityMax": 2,
	"AllowDuplicates": false,
	"ShouldFilterItemsByZone": true,
	"InitialDamage": 30,
	"RandomDamage": 50,
	"InitialUsage": 30,
	"RandomUsage": 50,
	"PostSpawnActions": [
		"SetClothesDirtiness_DirtyClothes",
		"SetCashAmount_SmallStash"
	]
}