{
	"Nodes": [
		{
			"Rarity": "Uncommon",
			"Ids": [
				"ItemLootTreeNodes.Military.Ammo",
				"ItemLootTreeNodes.Military.Gear.Attachments",
				"ItemLootTreeNodes.Military.Gear.Magazines",
				"ItemLootTreeNodes.Military.Gear.Optics",
				"ItemLootTreeNodes.Military.Weapons.AssaultRifles",
				"ItemLootTreeNodes.Military.Weapons.Handguns",
				"ItemLootTreeNodes.Military.Weapons.LMGs",
				"ItemLootTreeNodes.Military.Weapons.SMGs",
				"ItemLootTreeNodes.Military.Weapons.Snipers"
			]
		},
		{
			"Rarity": "Rare",
			"Ids": [
				"ItemLootTreeNodes.Military"
			]
		},
		{
			"Rarity": "Uncommon",
			"Ids": [
				"ItemLootTreeNodes.Trash"
			]
		}
	],
	"Probability": 10,
	"QuantityMin": 1,
	"QuantityMax": 1,
	"AllowDuplicates": false,
	"ShouldFilterItemsByZone": true,
	"InitialDamage": 0,
	"RandomDamage": 20,
	"InitialUsage": 0,
	"RandomUsage": 20
}