{
	"Nodes": [
		{
			"Rarity": "Uncommon",
			"Ids": [
				"ItemLootTreeNodes.Trash"
			]
		},
		{
			"Rarity": "Uncommon",
			"Ids": [
				"ItemLootTreeNodes.LivingRoom.Items.Clothes",
				"ItemLootTreeNodes.LivingRoom.Other",
				"ItemLootTreeNodes.LivingRoom.Items.Misc.Battery",
				"ItemLootTreeNodes.LivingRoom.Items.Misc.Cigarettes",
				"ItemLootTreeNodes.LivingRoom.Items.Misc.Fabric"
			]
		}
	],
	"Probability": 30,
	"QuantityMin": 1,
	"QuantityMax": 1,
	"AllowDuplicates": false,
	"ShouldFilterItemsByZone": true,
	"InitialDamage": 20,
	"RandomDamage": 40,
	"InitialUsage": 20,
	"RandomUsage": 40
}