{
	"Nodes": [
		{
			"Rarity": "Uncommon",
			"Ids": [
				"ItemLootTreeNodes.LivingRoom"
			]
		},
		{
			"Rarity": "Rare",
			"Ids": [
				"ItemLootTreeNodes.Military.Clothes",
				"ItemLootTreeNodes.Military.Gear.Armor",
				"ItemLootTreeNodes.Military.Gear.Backpacks"
			]
		}
	],
	"Probability": 20,
	"QuantityMin": 1,
	"QuantityMax": 1,
	"AllowDuplicates": false,
	"ShouldFilterItemsByZone": true,
	"InitialDamage": 0,
	"RandomDamage": 20,
	"InitialUsage": 0,
	"RandomUsage": 20,
	"PostSpawnActions": [
		"SetClothesDirtiness_ResidentialClothes"
	]
}