{
	"Nodes": [
		{
			"Rarity": "Uncommon",
			"Ids": [
				"ItemLootTreeNodes.HuntingStore.Ammo.Handguns.Regular.SmallStash",
				"ItemLootTreeNodes.HuntingStore.Ammo.Hunting.12Gauge.SmallStash",
				"ItemLootTreeNodes.HuntingStore.Ammo.Hunting.Arrows",
				"ItemLootTreeNodes.HuntingStore.Bows",
				"ItemLootTreeNodes.HuntingStore.Firearms.Handguns.M9s",
				"ItemLootTreeNodes.HuntingStore.Firearms.Handguns.M1911s",
				"ItemLootTreeNodes.HuntingStore.Firearms.Rifles.Civilian",
				"ItemLootTreeNodes.HuntingStore.Firearms.Shotguns.Civilian",
				"ItemLootTreeNodes.HuntingStore.WeaponParts.Magazines.Rifles",
				"ItemLootTreeNodes.HuntingStore.WeaponParts.Magazines.Handguns"
			]
		}
	],
	"Probability": 10,
	"QuantityMin": 1,
	"QuantityMax": 1,
	"AllowDuplicates": false,
	"ShouldFilterItemsByZone": true,
	"InitialDamage": 0,
	"RandomDamage": 50,
	"InitialUsage": 0,
	"RandomUsage": 50,
	"PostSpawnActions": [
		"SetCashAmount_SmallStash",
		"SetAmmoAmount_SmallStash",
		"SetClothesDirtiness_ResidentialClothes"
	]
}