{
	"Nodes": [
		{
			"Rarity": "Uncommon",
			"Ids": [
				"ItemLootTreeNodes.BrickFactory.Crafting.Fabric",
				"ItemLootTreeNodes.BrickFactory.Crafting.Scrap",
				"ItemLootTreeNodes.BrickFactory.LightsFire",
				"ItemLootTreeNodes.BrickFactory.Other.Ammo",
				"ItemLootTreeNodes.BrickFactory.Repair.Grinding_Stone_02",
				"ItemLootTreeNodes.BrickFactory.Tools",
				"ItemLootTreeNodes.BrickFactory.WorkClothes"
			]
		}
	],
	"Probability": 20,
	"QuantityMin": 1,
	"QuantityMax": 1,
	"AllowDuplicates": false,
	"ShouldFilterItemsByZone": true,
	"InitialDamage": 0,
	"RandomDamage": 20,
	"InitialUsage": 0,
	"RandomUsage": 20
}