{
	"Nodes": [
		{
			"Rarity": "Uncommon",
			"Ids": [
				"ItemLootTreeNodes.Workshop.Tools",
				"ItemLootTreeNodes.Workshop.Crafting",
				"ItemLootTreeNodes.Workshop.Other"
			]
		},
		{
			"Rarity": "Rare",
			"Ids": [
				"ItemLootTreeNodes.Military.Gear.Attachments",
				"ItemLootTreeNodes.Military.Gear.Magazines",
				"ItemLootTreeNodes.Military.Gear.Optics",
				"ItemLootTreeNodes.Military.Gear.Tools"
			]
		}
	],
	"Probability": 9,
	"QuantityMin": 1,
	"QuantityMax": 1,
	"AllowDuplicates": false,
	"ShouldFilterItemsByZone": true,
	"InitialDamage": 0,
	"RandomDamage": 10,
	"InitialUsage": 0,
	"RandomUsage": 0
}