{
	"Nodes": [
		{
			"Rarity": "Uncommon",
			"Ids": [
				"ItemLootTreeNodes.Office.Items.Misc",
				"ItemLootTreeNodes.Office.Other.Backpacks.WaistBags",
				"ItemLootTreeNodes.Office.Other.Weapons.Ammo"
			]
		}
	],
	"Items": [
		{
			"Rarity": "Uncommon",
			"Id": "Paper"
		}
	],
	"Probability": 20,
	"QuantityMin": 1,
	"QuantityMax": 1,
	"AllowDuplicates": false,
	"ShouldFilterItemsByZone": true,
	"InitialDamage": 0,
	"RandomDamage": 20,
	"InitialUsage": 0,
	"RandomUsage": 20
}